url,brand,time
https://www.raspagreenpix.fun/login,raspagreenpix,2025-09-17 21:58:08
http://myjobdhl.earcu.com/jobs/login,earcu,2025-09-17 21:58:08
https://cn.hcumx.com/home/register?code=22338,hcumx,2025-09-17 21:58:08
https://7893759.com/,7893759,2025-09-17 21:58:08
https://yashura22.github.io/netflixclone/,github,2025-09-17 21:58:08
https://imtokenmi.icu/,imtokenmi,2025-09-17 21:58:08
https://www.carrozzeriapozzato.it/y/swiss/manage/,carrozzeriapozzato,2025-09-17 21:58:08
http://accountcenter-banquoria-eghn1709eghn.netlify.app/?naps,netlify,2025-09-17 21:58:08
https://gabriel16619.github.io/produtos_Front-end/,github,2025-09-17 21:58:08
http://verify-signinoutlexchangeadmin.com/43e842237a68f7daa69df0898896320a6653c39935579LOG43e842237a68f7daa69df0898896320a6653c3993557b,verify-signinoutlexchangeadmin,2025-09-17 21:58:08
https://inmobiliariums.mx/Safety/,inmobiliariums,2025-09-17 21:58:08
http://bougoulia.sites.sch.gr/,sch,2025-09-17 21:58:08
https://sso-iuphold--auth.pages.dev/,pages,2025-09-17 21:58:08
https://next-bnb-nu.vercel.app/,vercel,2025-09-17 21:58:08
http://app-office03voicemail-protection.com/c5159c37e3a2990560f71642381bced8665571551ea5eLOGc5159c37e3a2990560f71642381bced8665571551ea5f,app-office03voicemail-protection,2025-09-17 21:58:08
https://synatrix.ru.com/88FirstProjctMexx16.htm,ru,2025-09-17 21:58:08
http://www.wwwdd.vercel.app/,vercel,2025-09-17 21:58:08
https://netflix-clone-inky-two.vercel.app/,vercel,2025-09-17 21:58:08
http://guide-ledger-live-loginn.pages.dev/,pages,2025-09-17 21:58:08
https://rbfcu-star.azurewebsites.net/(S(vvnotywrewavpqzg43xudgqc))/,azurewebsites,2025-09-17 21:58:08
https://rbfcu-star.azurewebsites.net/(S(bhmgcp1nfc15ai3ninmzlqrd))/,azurewebsites,2025-09-17 21:58:08
https://rbfcu-star.azurewebsites.net/(S(fhrtuy5wazwyiirfjwmw1p24))/,azurewebsites,2025-09-17 21:58:08
https://rbfcu-star.azurewebsites.net/(S(siuu5rco1jcu1og2kmmvj3fa))/,azurewebsites,2025-09-17 21:58:08
https://rbfcu-star.azurewebsites.net/(S(lejikkxeedfbkkl1oz1bcrdo))/,azurewebsites,2025-09-17 21:58:08
http://l0ginmicrsoft0nline.k12155151555151454185515156.cc/,k12155151555151454185515156,2025-09-17 21:58:08
http://k12155151555151454185515156.cc/,k12155151555151454185515156,2025-09-17 21:58:08
https://rbfcu-star.azurewebsites.net/(S(c5s54burr0hqydar1o5rv3xe))/,azurewebsites,2025-09-17 21:58:08
https://rbfcu-star.azurewebsites.net/(S(xsc5to5tc43zo1j4kk21yrai))/,azurewebsites,2025-09-17 21:58:08
https://pswap.flnanceconnect.app/,flnanceconnect,2025-09-17 21:58:08
https://rbfcu-star.azurewebsites.net/(S(nc2tpf3xdrg5nezz2w5tartr))/,azurewebsites,2025-09-17 21:58:08
https://rbfcu-star.azurewebsites.net/(S(imivtavjtv2uitaqeplzy4d5))/,azurewebsites,2025-09-17 21:58:08
https://rbfcu-star.azurewebsites.net/(S(i0iijxztykfruqj4lkze51pe))/,azurewebsites,2025-09-17 21:58:08
https://rbfcu-star.azurewebsites.net/(S(0yqnghiaflxx5bnbgl5dq5yg))/,azurewebsites,2025-09-17 21:58:08
https://rbfcu-star.azurewebsites.net/(S(kaue0wrizpdxw3uli52e23fg))/,azurewebsites,2025-09-17 21:58:08
https://rbfcu-star.azurewebsites.net/(S(h5osclhrwgip3vgv52wtnzyc))/,azurewebsites,2025-09-17 21:58:08
https://rbfcu-star.azurewebsites.net/(S(5ddb5ln2djwy3v0umigr1mxp))/,azurewebsites,2025-09-17 21:58:08
https://rbfcu-star.azurewebsites.net/(S(1mevdmprnaona1r5ffyh4yjl))/,azurewebsites,2025-09-17 21:58:08
https://rbfcu-star.azurewebsites.net/(S(spvul3ogm1du1djazi3tsmn0))/,azurewebsites,2025-09-17 21:58:08
https://rbfcu-star.azurewebsites.net/(S(jimciu10ntnfg31ssyfetzuq))/,azurewebsites,2025-09-17 21:58:08
http://pan-swap.org/,pan-swap,2025-09-17 21:58:08
http://williamsin.sbs/,williamsin,2025-09-17 21:58:08
http://www.colorworld.ir/wp-includes/assets/llnnddeexx.html,colorworld,2025-09-17 21:58:08
https://loukahnhb.cloudaccess.host/spotify/auth/login.php,cloudaccess,2025-09-17 21:58:08
https://rebrand.ly/fesq2q3,rebrand,2025-09-17 21:58:08
https://winioszero.com/,winioszero,2025-09-17 21:58:08
https://winioszero.mnj.llm.mybluehostin.me/,mybluehostin,2025-09-17 21:58:08
http://pub-537a8ed85ee84a5f9f6e0763fea63493.r2.dev/index.html,r2,2025-09-17 21:58:08
https://www.kkinstagram.com/reel/DOozGLkCLna/?igsh=MW9mNGcwd3J2NGk3cQ==,kkinstagram,2025-09-17 21:58:08
https://www.cpam-assurance-maladie.vercel.app/,vercel,2025-09-17 21:58:08
http://pub-91e8d15d85dc495bb285f75e4701f334.r2.dev/index.html,r2,2025-09-17 21:58:08
http://pub-dac96af3ecf2427a8011e0c99452b5eb.r2.dev/index.html,r2,2025-09-17 21:58:08
http://at-t-e03249.webflow.io/,webflow,2025-09-17 21:58:08
http://outlook-live-authentitciteworkspaces.com/M3mail@b.c,outlook-live-authentitciteworkspaces,2025-09-17 21:58:08
https://rbfcu-star.azurewebsites.net/(S(zuadfpia1bcoyy5n2jkqjg4z))/,azurewebsites,2025-09-17 21:58:08
https://rbfcu-star.azurewebsites.net/(S(ij2btok3bnf1h2hkgrgshhbd))/,azurewebsites,2025-09-17 21:58:08
https://rbfcu-star.azurewebsites.net/(S(1mvw24sl2hedt4kjdyj4fu1p))/,azurewebsites,2025-09-17 21:58:08
http://en-gb-metmask-io.typedream.app/,typedream,2025-09-17 21:58:08
https://ty08bhs.cn/puvxrokt,ty08bhs,2025-09-17 21:58:08
http://dew1.5pbdzte0.workers.dev/,workers,2025-09-17 21:58:08
https://whats-zif.vip/,whats-zif,2025-09-17 21:58:08
https://whats-zir.vip/,whats-zir,2025-09-17 21:58:08
http://pub-1e4f4c4731564bcfb8e331f9603bf557.r2.dev/index.html,r2,2025-09-17 21:58:08
http://carousell.jolomotos.shop/login/287NL817ED580R9943459/,jolomotos,2025-09-17 21:58:08
https://accoutn-center-ads.ubpages.com/dcd79d30-9307-11f0-843a-3601f789a9ca/,ubpages,2025-09-17 21:58:08
https://whats-zih.vip/,whats-zih,2025-09-17 21:58:08
https://whats-zik.vip/,whats-zik,2025-09-17 21:58:08
http://power.myuminlwinhtangtc.workers.dev/,workers,2025-09-17 21:58:08
http://aa.tejjpu5.sa.com/,sa,2025-09-17 21:58:08
http://pub-b74861e268fc40909b4045c6f67be64d.r2.dev/index.html,r2,2025-09-17 21:58:08
http://faq--trezorbridge-en.pages.dev/,pages,2025-09-17 21:58:08
http://1l11.o0o00o.workers.dev/,workers,2025-09-17 21:58:08
https://neat-yard-960626.framer.app/,framer,2025-09-17 21:58:08
https://whats-zit.vip/,whats-zit,2025-09-17 21:58:08
https://whats-zio.vip/,whats-zio,2025-09-17 21:58:08
https://www.whats-iv.vip/,whats-iv,2025-09-17 21:58:08
https://curriculum-enjoy-manage-9642017835.vercel.app/hhkruu.html,vercel,2025-09-17 21:58:08
http://ipfs.io/ipfs/bafybeihe3artbsmjwlj5q7ylmb6jbs3ysfxnieonaqksa4e4afi5k5igny/zwbvn.htm,ipfs,2025-09-17 21:58:08
http://rebrand.ly/c7d675a,rebrand,2025-09-17 21:58:08
https://blacktreehub.vercel.app/managermentquan/vJ4q7Zb8P1.html,vercel,2025-09-17 21:58:08
http://morningstar-wheat.vercel.app/,vercel,2025-09-17 21:58:08
https://www.goali25.cc/,goali25,2025-09-17 21:58:08
https://goali25.cc/,goali25,2025-09-17 21:58:08
https://www.goali88.cc/,goali88,2025-09-17 21:58:08
https://goali88.cc/,goali88,2025-09-17 21:58:08
http://metumaask-logg.godaddysites.com/,godaddysites,2025-09-17 21:58:08
http://ipfs.io/ipfs/bafybeia5mxnowiwtysw2yanj5poaumx5ntlum3pz5cxkedd2ua4avv6dv4/dttyy.htm,ipfs,2025-09-17 21:58:08
https://whats-zid.vip/,whats-zid,2025-09-17 21:58:08
https://whats-zig.vip/,whats-zig,2025-09-17 21:58:08
http://zhaoyu5600.serv00.net/,serv00,2025-09-17 21:58:08
https://whats-zia.vip/,whats-zia,2025-09-17 21:58:08
https://whats-ziu.vip/,whats-ziu,2025-09-17 21:58:08
http://ipfs.io/ipfs/bafybeiahmwhzsqvqlnobvqglkfidlviaj64jwrpbv7767xcl2t322hatk4/nawe.htm,ipfs,2025-09-17 21:58:08
https://whats-zil.vip/,whats-zil,2025-09-17 21:58:08
https://whats-zij.vip/,whats-zij,2025-09-17 21:58:08
http://office-whctklbfqsmxrv.com/M3mail@b.c,office-whctklbfqsmxrv,2025-09-17 21:58:08
https://casefb828644-7u9l.vercel.app/,vercel,2025-09-17 21:58:08
http://kimmado.xsrv.jp/wp-content/plugins/advanced-custom-fields/includes/Rackspace_validated.htm,xsrv,2025-09-17 21:58:08
http://kangoolhfgiyufxcyuhv.vercel.app/,vercel,2025-09-17 21:58:08
http://wetransfer-io9834.netlify.app/,netlify,2025-09-17 21:58:08
http://test.newyorkpizzadc.com/wp-content/plugins/bwmjhbu/MaxProjckt029747.html,newyorkpizzadc,2025-09-17 21:58:08
http://www.solokoom.com/,solokoom,2025-09-17 21:58:08
https://mrerealestate.com/CHECKINGACCOUNT2025/Sites/index.html,mrerealestate,2025-09-17 21:58:08
https://www.elle6.vercel.app/,vercel,2025-09-17 21:58:08
https://metamask-dev-dashboard-feat-remove-prora-consensys-ddffed67.vercel.app/,vercel,2025-09-17 21:58:08
http://www.elle4.vercel.app/,vercel,2025-09-17 21:58:08
https://mybdopersonal.delete-devices.workers.dev/bdo-form/rllwEs3EbBCeDZO3Tzd3kzbSqHJ7pUWWu9e2FSj5cJ,workers,2025-09-17 21:58:08
http://www.elle7.vercel.app/,vercel,2025-09-17 21:58:08
https://www.metamask-dev-dashboard-feat-remove-prora-consensys-ddffed67.vercel.app/,vercel,2025-09-17 21:58:08
http://akashkpzel.github.io/facetask,github,2025-09-17 21:58:08
https://hotelreservation.ink/login/,hotelreservation,2025-09-17 21:58:08
https://cathays.life/login/,cathays,2025-09-17 21:58:08
https://etc-login.com/pc/login/?Rfunccode=1013000000&nextfunc=1013000000,etc-login,2025-09-17 21:58:08
http://ipfs.io/ipfs/bafybeiew22ycrr7qym2x5kv2x2xsr44m454pf46ur5foeilwqrnz5t754q/cushfour.html,ipfs,2025-09-17 21:58:08
https://myjobdhl.earcu.com/intranet/profileaccess/691756/df38d8df-5f8e-4b1c-ba33-0fb631d047fa,earcu,2025-09-17 21:58:08
http://ylidizagro.com/wtp/?email=3mail@b.c,ylidizagro,2025-09-17 21:58:08
http://histarnaverlogin.vercel.app/?naps,vercel,2025-09-17 21:58:08
http://navermail-login.vercel.app/,vercel,2025-09-17 21:58:08
https://www.elle2.vercel.app/,vercel,2025-09-17 21:58:08
https://testtes56946.blogspot.lu/,blogspot,2025-09-17 21:58:08
http://www.elle3.vercel.app/,vercel,2025-09-17 21:58:08
https://testtes56946.blogspot.com/,blogspot,2025-09-17 21:58:08
http://www.testtes56946.blogspot.lu/,blogspot,2025-09-17 21:58:08
http://www.eve1-sooty.vercel.app/,vercel,2025-09-17 21:58:08
https://www.naver-inv-037.vercel.app/,vercel,2025-09-17 21:58:08
https://www.elle1.vercel.app/,vercel,2025-09-17 21:58:08
http://pcvzaeomjipof.run-eu-central1.goorm.site/lsd/cos/connex.php,goorm,2025-09-17 21:58:08
http://ipfs.io/ipfs/bafybeiglh5obujtufy4bciz4tkzrnnbmw6wgfwxaabwonhpmmbptj66uo4/getrrry.htm,ipfs,2025-09-17 21:58:08
http://ipfs.io/ipfs/QmXzYEFq68w1qyYFztdJsssyzxrkJHPFtjHmo5BjHsSpNZ,ipfs,2025-09-17 21:58:08
http://11-a8n.pages.dev/,pages,2025-09-17 21:58:08
http://whats-ziy.vip/,whats-ziy,2025-09-17 21:58:08
http://whats-zuv.vip/,whats-zuv,2025-09-17 21:58:08
http://whats-ziq.vip/,whats-ziq,2025-09-17 21:58:08
https://badehomedecoration.com/vendor/bin/wemai/index.html,badehomedecoration,2025-09-17 21:58:08
https://rbfcu-star.azurewebsites.net/(S(pgyaezscdhwnh25nsthcmika))/,azurewebsites,2025-09-17 21:58:08
https://rbfcu-star.azurewebsites.net/(S(sb2xxp4vdxtdpaeb3xoo3o0e))/,azurewebsites,2025-09-17 21:58:08
https://rbfcu-star.azurewebsites.net/(S(3wnrvwmri3cioqn3k3nsydcy))/,azurewebsites,2025-09-17 21:58:08
https://rbfcu-star.azurewebsites.net/(S(uvkbeuzyp3zitlquvwnpxtmp))/,azurewebsites,2025-09-17 21:58:08
https://rbfcu-star.azurewebsites.net/(S(5zmclsghn5hzx1vvejb0vtcw))/,azurewebsites,2025-09-17 21:58:08
https://rbfcu-star.azurewebsites.net/(S(rtctawlifnz3dtlyf2vzauc5))/,azurewebsites,2025-09-17 21:58:08
https://rbfcu-star.azurewebsites.net/(S(hcftw5g12xwoss2xzacn3m4j))/,azurewebsites,2025-09-17 21:58:08
https://rbfcu-star.azurewebsites.net/(S(wb3ubma5j1tdbqwp2hp4lzyb))/,azurewebsites,2025-09-17 21:58:08
https://rbfcu-star.azurewebsites.net/(S(pcvdewnxb2e1polo55duj1vg))/,azurewebsites,2025-09-17 21:58:08
https://rbfcu-star.azurewebsites.net/(S(ftmajvkp3jkeitntqoy1zyhn))/,azurewebsites,2025-09-17 21:58:08
https://ipfs.io/ipfs/bafkreigjmo3hgqsoiwmud7kzqzjb2if43sg5ioqwgmivytg74rl7ns4emu,ipfs,2025-09-17 21:58:08
https://dark-frost-2524.amir-kenarang.workers.dev/,workers,2025-09-17 21:58:08
http://shieldtransfer.com/yslv,shieldtransfer,2025-09-17 21:58:08
https://paijkcakeswap.com/,paijkcakeswap,2025-09-17 21:58:08
https://theuniversaldynamic.com/shared/,theuniversaldynamic,2025-09-17 21:58:08
http://ipfs.io/ipfs/bafkreien7hkm5erpea5xefltdn63p5kr2pwgoyftt2kdrs2mserf4p4evu,ipfs,2025-09-17 21:58:08
http://ipfs.io/ipfs/bafybeig77gqilantiwlylsckvw66j72uvvvcdmhn5lj2rwjfoy6e54tgvy/querry.htm,ipfs,2025-09-17 21:58:08
http://ipfs.io/ipfs/bafybeihc3hwilxftfjroilt6zc4bh5fhhse4en4sfm7ibwf7onur7m35ti/neto.htm,ipfs,2025-09-17 21:58:08
https://pub-fbf339f33b464624abb7e743d94fc5ee.r2.dev/showzzzzz.html,r2,2025-09-17 21:58:08
http://rebrand.ly/23c742,rebrand,2025-09-17 21:58:08
https://fastwolfhub.vercel.app/managermentquan/vJ4q7Zb8P1.html,vercel,2025-09-17 21:58:08
http://zhaoyu5600.serv00.net/core,serv00,2025-09-17 21:58:08
https://ipfs.io/ipfs/bafybeieail2tfinyswgwnlrzpyjuwbgm2vqnxno3qdfxqhn52vwnsq6dma,ipfs,2025-09-17 21:58:08
http://elle4.vercel.app/,vercel,2025-09-17 21:58:08
http://elle7.vercel.app/?naps,vercel,2025-09-17 21:58:08
http://elle6.vercel.app/?naps,vercel,2025-09-17 21:58:08
https://paitecakeswap.com/,paitecakeswap,2025-09-17 21:58:08
http://indiapost.gov.ypaypro.top/in/,ypaypro,2025-09-17 21:58:08
http://www.inn5zacon-spc3.online/mrminc.biz/,inn5zacon-spc3,2025-09-17 21:58:08
http://definodesync.pages.dev/,pages,2025-09-17 21:58:08
http://signinportal1.wixsite.com/my-site-1,wixsite,2025-09-17 21:58:08
https://goty.cc/cxmbex/web_sms.php,goty,2025-09-17 21:58:08
https://www.haliikairental.com/,haliikairental,2025-09-17 21:58:08
http://nastytee25.wixsite.com/my-site-1,wixsite,2025-09-17 21:58:08
http://itrusaetcappitallogin.webflow.io/,webflow,2025-09-17 21:58:08
https://szabohair.hu/layouts/2/on/on/index.html,szabohair,2025-09-17 21:58:08
http://kimkolapa.com/,kimkolapa,2025-09-17 21:58:08
https://gyibyx.cn/puvxrokt/,gyibyx,2025-09-17 21:58:08
http://andrewnogueira.github.io/pagina-instagram,github,2025-09-17 21:58:08
http://jinkylee.com/download/S7TLqFm6EuFvf2BIDInbQeoOAVYFbvag,jinkylee,2025-09-17 21:58:08
http://www2.plgyuil.eu.org/,eu,2025-09-17 21:58:08
http://account-is-at-risk.github.io/fb/index.html,github,2025-09-17 21:58:08
http://sea.ii4p5di.eu.org/,eu,2025-09-17 21:58:08
http://eve1-sooty.vercel.app/?naps,vercel,2025-09-17 21:58:08
http://elle2.vercel.app/?naps,vercel,2025-09-17 21:58:08
http://naver-inv-037.vercel.app/?naps,vercel,2025-09-17 21:58:08
https://sspl.com.aumail7.sspl.com.aumail7.sspl.com.aumail7.sspl.com.au/mobile/front,sspl,2025-09-17 21:58:08
https://mail7.sspl.com.aumail7.sspl.com.aumail7.sspl.com.aumail7.sspl.com.au/mobile/front/,sspl,2025-09-17 21:58:08
https://sspl.com.aumail7.sspl.com.aumail7.sspl.com.aumail7.sspl.com.au/mobile/front/,sspl,2025-09-17 21:58:08
http://elle1.vercel.app/,vercel,2025-09-17 21:58:08
http://elle3.vercel.app/,vercel,2025-09-17 21:58:08
https://mail7.sspl.com.aumail7.sspl.com.aumail7.sspl.com.aumail7.sspl.com.au/mobile/login/,sspl,2025-09-17 21:58:08
https://com.aumail7.sspl.com.aumail7.sspl.com.au/mobile/front/,sspl,2025-09-17 21:58:08
https://sspl.com.aulive.sspl.com.au/mobile/front/,sspl,2025-09-17 21:58:08
https://sspl.com.auaumx2.sspl.com.au/mobile/login/,sspl,2025-09-17 21:58:08
https://aumail7.sspl.com.aucom.aumail7.sspl.com.au/mobile/front/,sspl,2025-09-17 21:58:08
https://com.aumail7.sspl.com.aumail7.sspl.com.aumail7.sspl.com.au/mobile/login/,sspl,2025-09-17 21:58:08
https://com.aumail7.sspl.com.au/mobile/front/,sspl,2025-09-17 21:58:08
http://43730fhwhru-martin.dy327bha.crabdance.com/?m8mu7n.ohgurgrbac,crabdance,2025-09-17 21:58:08
http://hpppppp.vercel.app/?naps,vercel,2025-09-17 21:58:08
http://ifffff.vercel.app/,vercel,2025-09-17 21:58:08
https://meta.account-use-verify-business.cfd/meta-community-standard-1000170988016,account-use-verify-business,2025-09-17 21:58:08
http://peeyuxdpkj.duckdns.org/de/main,duckdns,2025-09-17 21:58:08
https://ramix.dacevs.com.es/,dacevs,2025-09-17 21:58:08
https://amazon-tk.com/,amazon-tk,2025-09-17 21:58:08
https://6893ddb8b73637d32482a138--genuine-beignet-963a7f.netlify.app/,netlify,2025-09-17 21:58:08
http://mail.carnivalcruises.gr/webmail,carnivalcruises,2025-09-17 21:58:08
http://ipfs.io/ipfs/QmRwzMmeHGtoJJCBkcxmg54eJdcrSPxPAiqkZiZZA2Di5v,ipfs,2025-09-17 21:58:08
http://asfintl.com/webmail,asfintl,2025-09-17 21:58:08
https://tdtufdd.vercel.app/,vercel,2025-09-17 21:58:08
http://marketlinkerx.com/,marketlinkerx,2025-09-17 21:58:08
https://mail.zswcliente.de/page1.php/,zswcliente,2025-09-17 21:58:08
https://www.zswcliente.de/page1.php/,zswcliente,2025-09-17 21:58:08
https://io-bridges-usa.pages.dev/,pages,2025-09-17 21:58:08
http://social.safebax.icu/dashboard.php,safebax,2025-09-17 21:58:08
http://www.airbnb-landing-pagd5ua.rollout.site/,rollout,2025-09-17 21:58:08
https://ledger-ive-app.pages.dev/,pages,2025-09-17 21:58:08
https://test.naturalsoap.com.au/mobile/login/,naturalsoap,2025-09-17 21:58:08
https://test.naturalsoap.com.au/mobile/front/,naturalsoap,2025-09-17 21:58:08
https://secure-coinbase-xtension.typedream.app/,typedream,2025-09-17 21:58:08
https://pub-668942aad21b4decacc840ecfb0df6e1.r2.dev/index.html?27304a867c905033e1c7d1c7110ff6,r2,2025-09-17 21:58:08
http://office-encryptedfile.com/6f707a061eea947fb84eea4445afc0cf65dceb62f0506PAS6f707a061eea947fb84eea4445afc0cf65dceb62f0507,office-encryptedfile,2025-09-17 21:58:08
https://compliance-review-platform.pages.dev/welcome_to_meta_for_business/,pages,2025-09-17 21:58:08
http://netflix-gpt-jack.vercel.app/,vercel,2025-09-17 21:58:08
http://supportfbmetaid.sbs/,supportfbmetaid,2025-09-17 21:58:08
https://help-coinbasevault.com/,help-coinbasevault,2025-09-17 21:58:08
https://651c4138-96f4e-90104-9167-81s7t28d91b4-671c6hj.com/b1837e22e259fd0f8e89442b3d0294ad47de8ee86b6c00139679eed94fb34039/,651c4138-96f4e-90104-9167-81s7t28d91b4-671c6hj,2025-09-17 21:58:08
http://win-phantom.net/,win-phantom,2025-09-17 21:58:08
https://relax-massages.biz/_buV2/plugins.html,relax-massages,2025-09-17 21:58:08
http://cms.visittheseaside.com/_/index.php,visittheseaside,2025-09-17 21:58:08
https://accuntsmse303.wuaze.com/indexh.html,wuaze,2025-09-17 21:58:08
https://prestamosbhd-leon.netlify.app/,netlify,2025-09-17 21:58:08
https://651c4138-96f4e-90104-9167-81s7t28c91b4-671c6hj.com/1c6d6e9a618c4ea85472293e21566100c07a755fc2edcda6900be4f6be74a905/,651c4138-96f4e-90104-9167-81s7t28c91b4-671c6hj,2025-09-17 21:58:08
http://www.zswcliente.de/,zswcliente,2025-09-17 21:58:08
https://auwww.mail7.sspl.com.auwww.mail7.sspl.com.auwww.mail7.sspl.com.au/mobile/login/,sspl,2025-09-17 21:58:08
https://auwww.mail7.sspl.com.auwww.mail7.sspl.com.au/mobile/front/,sspl,2025-09-17 21:58:08
https://sspl.com.auwww.mail7.sspl.com.auwww.mail7.sspl.com.au/mobile/front/,sspl,2025-09-17 21:58:08
https://sspl.com.auwww.mail7.sspl.com.auwww.mail7.sspl.com.auwww.mail7.sspl.com.au/mobile/front/,sspl,2025-09-17 21:58:08
https://com.aumail7.sspl.com.auwww.mail7.sspl.com.auwww.sspl.com.aumail7.sspl.com.auwww.mail7.sspl.com.au/mobile/login/,sspl,2025-09-17 21:58:08
https://auwww.mail7.sspl.com.auwww.mail7.sspl.com.au/mobile/login/,sspl,2025-09-17 21:58:08
https://sspl.com.auwww.mail7.sspl.com.auwww.mail7.sspl.com.auwww.mail7.sspl.com.au/mobile/login/,sspl,2025-09-17 21:58:08
https://com.aumail7.sspl.com.auwww.mail7.sspl.com.auwww.sspl.com.aumail7.sspl.com.auwww.mail7.sspl.com.au/mobile/front/,sspl,2025-09-17 21:58:08
https://com.auwww.mail7.sspl.com.auwww.sspl.com.aumail7.sspl.com.auwww.mail7.sspl.com.au/mobile/login/,sspl,2025-09-17 21:58:08
https://com.aumx2.sspl.com.au/mobile/login/,sspl,2025-09-17 21:58:08
https://www.aucom.auwww.mail7.sspl.com.au/mobile/login/,sspl,2025-09-17 21:58:08
https://mail7.sspl.com.aumail7.sspl.com.auwww.mail7.sspl.com.au/mobile/login/,sspl,2025-09-17 21:58:08
https://sspl.com.auwww.mail7.sspl.com.auwww.mail7.sspl.com.au/mobile/login/,sspl,2025-09-17 21:58:08
https://34433434345465.netlify.app/,netlify,2025-09-17 21:58:08
https://sspl.com.auwww.sspl.com.aumail7.sspl.com.auwww.mail7.sspl.com.au/mobile/login/,sspl,2025-09-17 21:58:08
https://www.com.auwww.auwww.mx2.sspl.com.au/mobile/login/,sspl,2025-09-17 21:58:08
https://sspl.com.auwww.sspl.com.aumail7.sspl.com.auwww.mail7.sspl.com.au/mobile/front/,sspl,2025-09-17 21:58:08
https://sspl.com.aumail7.sspl.com.auwww.mail7.sspl.com.auwww.sspl.com.aumail7.sspl.com.auwww.mail7.sspl.com.au/mobile/login/,sspl,2025-09-17 21:58:08
https://www.com.auwww.mail7.sspl.com.auwww.mail7.sspl.com.au/mobile/front/,sspl,2025-09-17 21:58:08
https://sspl.com.aumail7.sspl.com.auwww.mail7.sspl.com.auwww.sspl.com.aumail7.sspl.com.auwww.mail7.sspl.com.au/mobile/front/,sspl,2025-09-17 21:58:08
https://www.sspl.com.auwww.mail7.sspl.com.aumail7.sspl.com.auwww.mail7.sspl.com.au/mobile/login/,sspl,2025-09-17 21:58:08
https://www.aucom.auwww.mail7.sspl.com.au/mobile/front/,sspl,2025-09-17 21:58:08
https://www.remote.sspl.com.au/mobile/login/,sspl,2025-09-17 21:58:08
https://com.aumail7.sspl.com.auwww.mail7.sspl.com.au/mobile/front/,sspl,2025-09-17 21:58:08
https://com.auwww.mail7.sspl.com.aumail7.sspl.com.auwww.mail7.sspl.com.au/mobile/front/,sspl,2025-09-17 21:58:08
https://www.sspl.com.auwww.mail7.sspl.com.aumail7.sspl.com.auwww.mail7.sspl.com.au/mobile/front/,sspl,2025-09-17 21:58:08
https://com.auwww.mail7.sspl.com.auwww.sspl.com.aumail7.sspl.com.auwww.mail7.sspl.com.au/mobile/front/,sspl,2025-09-17 21:58:08
https://www.aumx2.sspl.com.au/mobile/front/,sspl,2025-09-17 21:58:08
https://www.com.auwww.mail7.sspl.com.aucom.auwww.mail7.sspl.com.au/mobile/front/,sspl,2025-09-17 21:58:08
https://www.live.sspl.com.aulive.sspl.com.au/mobile/front/,sspl,2025-09-17 21:58:08
https://com.auwww.mail7.sspl.com.aumail7.sspl.com.auwww.mail7.sspl.com.au/mobile/login/,sspl,2025-09-17 21:58:08
https://www.com.auwww.mail7.sspl.com.auwww.mail7.sspl.com.au/mobile/login/,sspl,2025-09-17 21:58:08
https://appbhdpromociones2025.imi.lat/,imi,2025-09-17 21:58:08
http://z8berdr.cn/xzswa,z8berdr,2025-09-17 21:58:08
https://metamask-dev-dashboard-feat-remove-prora-consensys-ddffed67.vercel.app/login,vercel,2025-09-17 21:58:08
https://goty.cc/cxmbex/,goty,2025-09-17 21:58:08
http://suncoast-dev-git-scups-131-suncoast-credit-union.vercel.app/,vercel,2025-09-17 21:58:08
https://a22uua.eventsredeems.com/,eventsredeems,2025-09-17 21:58:08
http://www.cartafianzadigitalbcp.com/,cartafianzadigitalbcp,2025-09-17 21:58:08
http://whacotsapp.cc/,whacotsapp,2025-09-17 21:58:08
http://ofertasdotiktok.shop/,ofertasdotiktok,2025-09-17 21:58:08
https://4354534534534534.netlify.app/,netlify,2025-09-17 21:58:08
https://tap0216kde.top/,tap0216kde,2025-09-17 21:58:08
https://tap0550khm.top/,tap0550khm,2025-09-17 21:58:08
http://webmailshaww1.weebly.com/,weebly,2025-09-17 21:58:08
http://dossiersuccession.from-ar.com/,from-ar,2025-09-17 21:58:08
https://cijj32a.cn/xzswa/,cijj32a,2025-09-17 21:58:08
http://cijj32a.cn/xzswa,cijj32a,2025-09-17 21:58:08
http://gkm8kbk.cn/puvxrokt,gkm8kbk,2025-09-17 21:58:08
https://mybdosecurity.direct-device.workers.dev/bdo-form/hGVBGIiHDsdEjqY8KpHyLsjFk9C0SDduUxDKLi1UtF/,workers,2025-09-17 21:58:08
http://cloud-trezor-suite-io.pages.dev/,pages,2025-09-17 21:58:08
http://portal-trezor-bridge.pages.dev/,pages,2025-09-17 21:58:08
https://bet73060.com/egame/91,bet73060,2025-09-17 21:58:08
http://ledger-securityphrase.com/home.php,ledger-securityphrase,2025-09-17 21:58:08
https://www.bancoqchil.world/index.html/,bancoqchil,2025-09-17 21:58:08
https://public-coin-base-support-help.typedream.app/,typedream,2025-09-17 21:58:08
https://www.cuptt.world/index.html/,cuptt,2025-09-17 21:58:08
https://www.bet83067.com/,bet83067,2025-09-17 21:58:08
https://autmrhn.cn/xzswa/,autmrhn,2025-09-17 21:58:08
http://autmrhn.cn/xzswa,autmrhn,2025-09-17 21:58:08
https://mlclassictz.com/wp-admin/maint/promeganafwc/index.html,mlclassictz,2025-09-17 21:58:08
https://owa.sspl.com.au/mobile/front,sspl,2025-09-17 21:58:08
http://support-bridge-app.pages.dev/,pages,2025-09-17 21:58:08
https://www.aulive.sspl.com.au/mobile/front/,sspl,2025-09-17 21:58:08
https://www.auaumx2.sspl.com.au/mobile/front/,sspl,2025-09-17 21:58:08
https://www.auaumx2.sspl.com.au/mobile/login/,sspl,2025-09-17 21:58:08
https://www.aulive.sspl.com.au/mobile/login/,sspl,2025-09-17 21:58:08
https://airbnb-landing-pagd5ua.rollout.site/,rollout,2025-09-17 21:58:08
https://contcet-kucon-en.pages.dev/,pages,2025-09-17 21:58:08
https://www.emessageusaa-zinc.surge.sh/,surge,2025-09-17 21:58:08
https://www.op1pay.com/,op1pay,2025-09-17 21:58:08
https://op1pay.com/,op1pay,2025-09-17 21:58:08
http://cathaypacificairways.cn/login/,cathaypacificairways,2025-09-17 21:58:08
